author,organizationType,organizationName
Borut Zalik,company,General Electric
Matjaz Debevc,company,The Adecco Group
Chantal Lidynia,company,Google
André Calero Valdez,company,McKeson
Carsten Röcker,university,University of Granada
Martina Ziefle,university,University of Granada
Yi-Li Huang,university,University of Granada
Fang-Yie Leu,company,The Adecco Group
Ilsun You,university,Leiden University
Jing-Hao Yang,company,The Adecco Group
Kelly Hughes,university,University of Marburg
Yanzhen Qu,university,Maastricht University
Martin Husák,company,Apple
Jakub Cegan,company,Apple
Yu Ichifuji,company,Google
Noboru Sonehara,university,University of Santiago de Compostela
Yuuki Araga,company,Boeing
Kikuchi Katsuya,university,Heidelberg University
Masahiro Aoyagi,university,Maastricht University
Noboru Asahi,university,University of Zaragoza
Yoshinori Miyamoto,company,Accenture
Masatsugu Nimura,company,McKeson
Yoshihito Mizutani,university,University of Zaragoza
Yoshiyuki Arai,company,Procter & Gamble
Rozalia Beica,company,Boeing
Eric Beyne,company,Google
Bui Thanh Tung,university,Delft University of Technology
Naoya Watanabe,company,Airbnb
Masahiro Aoyagi,university,Polytechnic University of Catalonia
Katsuya Kikuchi,university,University of Granada
Chuan-An Cheng,university,University of Barcelona
Ryuichi Sugie,university,University of Barcelona
Tomoyuki Uchida,company,Compass Group
Kou-Hua Chen,company,General Electric
Chi-Tsung Chiu,university,Delft University of Technology
Kuan-Neng Chen,company,Amazon
Sumin Choi,company,Compass Group
Heegon Kim,university,Delft University of Technology
Daniel H. Jung,company,McKeson
Jonghoon J. Kim,company,McKeson
Jaemin Lim,university,University of Amsterdam
Hyunsuk Lee,university,Leiden University
Kyungjun Cho,university,Polytechnic University of Catalonia
Joungho Kim,company,Facebook
Hyungsoo Kim,company,Airbnb
Yong-Ju Kim,university,University of Amsterdam
Yunsaing Kim,company,Boeing
Yuan Yuan Dai,university,International University of Andalusia
Mei Zhen Ng,company,McKeson
P. Anantha,company,General Electric
Chee Lip Gan,company,Amazon
Chuan Seng Tan,university,University of Barcelona
Mohamed N. ElBahey,university,Maastricht University
DiaaEldin S. Khalil,company,McKeson
Hani Fikry Ragai,university,University of Marburg
Paul D. Franzon,company,Facebook
Eric Rotenberg,university,Heidelberg University
James Tuck,company,Amazon
Silvia Biasotti,university,University of Munich
Andrea Cerri,company,General Electric
Mostafa Abdelrahman,university,Leiden University
Masaki Aono,company,Nestle
Abdessamad Ben Hamza,company,Amazon
Moumen T. El-Melegy,company,General Electric
Aly A. Farag,university,Maastricht University
Valeria Garro,university,University of Zaragoza
Andrea Giachetti 0001,university,University of Zaragoza
Daniela Giorgi,company,The Adecco Group
Afzal Godil,company,Nestle
C. Li,university,University of Amsterdam
Y.-J. Liu,company,Amazon
H. Y. Martono,university,University of Amsterdam
Chika Sanada,company,Facebook
Atsushi Tatsuma,company,Amazon
Santiago Velasco-Forero,company,McKeson
C.-X. Xu,company,Amazon
Ludovic Blache,company,Boeing
Céline Loscos,company,Airbnb
Olivier Nocent,company,Facebook
Laurent Lucas,company,Accenture
Davide Boscaini,university,University of Granada
Ramunas Girdziusas,university,International University of Andalusia
Michael M. Bronstein,university,Delft University of Technology
Karla Brkic,company,Accenture
Aitor Aldoma,company,Apple
Markus Vincze,company,Accenture
Sinisa Segvic,company,Compass Group
Zoran Kalafatic,company,Nestle
Antonios Danelakis,company,Airbnb
Theoharis Theoharis,company,General Electric
Ioannis Pratikakis,university,University of Santiago de Compostela
Quoc-Viet Dang,company,Facebook
Géraldine Morin,university,University of Amsterdam
Sandrine Mouysset,company,Google
Valeria Garro,company,The Adecco Group
Andrea Giachetti 0001,company,Nestle
E. Mazzi,university,Delft University of Technology
Francesco Piscitelli,company,Boeing
Masaki Aono,university,Delft University of Technology
A. Ben Hamza,university,International University of Andalusia
Thomas Bonis,company,Amazon
Peter Claes,university,Polytechnic University of Catalonia
Afzal Godil,university,University of Amsterdam
Chunyuan Li,company,Nestle
Maks Ovsjanikov,company,Apple
Viorica Patraucean,university,University of Zaragoza
Chang Shu 0001,university,Delft University of Technology
J. Snyders,university,University of Barcelona
Paul Suetens,company,Procter & Gamble
Atsushi Tatsuma,university,University of Amsterdam
Dirk Vandermeulen,company,Compass Group
Stefanie Wuhrer,company,Facebook
Pengcheng Xi,company,The Adecco Group
Nguyen Vu Hoàng,company,Boeing
Valérie Gouet-Brunet,university,Delft University of Technology
Bo Li 0013,company,Compass Group
Y. Lu,university,Delft University of Technology
C. Li,university,University of Amsterdam
Afzal Godil,university,University of Zaragoza
Tobias Schreck,company,Accenture
Masaki Aono,university,Leiden University
Martin Burtscher,company,The Adecco Group
Hongbo Fu,company,The Adecco Group
Takahiko Furuya,university,University of Barcelona
Henry Johan,company,Procter & Gamble
Jianzhuang Liu,company,Apple
Ryutarou Ohbuchi,company,Airbnb
Atsushi Tatsuma,university,University of Santiago de Compostela
Changqing Zou,university,University of Santiago de Compostela
Bo Li 0013,company,The Adecco Group
Y. Lu,university,University of Zaragoza
C. Li,company,Nestle
Afzal Godil,university,University of Marburg
Tobias Schreck,company,Accenture
Masaki Aono,university,Maastricht University
Qiang Chen,university,Leiden University
Nihad Karim Chowdhury,university,University of Zaragoza
Bin Fang,university,University of Zaragoza
Takahiko Furuya,university,University of Munich
Henry Johan,company,Airbnb
Ryuichi Kosaka,university,University of Santiago de Compostela
Hitoshi Koyanagi,company,Apple
Ryutarou Ohbuchi,university,Delft University of Technology
Atsushi Tatsuma,university,International University of Andalusia
Guoliang Luo,university,University of Amsterdam
Frederic Cordier,company,Google
Hyewon Seo,university,University of Munich
Sebastian Ochmann,university,Maastricht University
Richard Vock,company,Airbnb
Raoul Wessel,university,University of Barcelona
Reinhard Klein,university,International University of Andalusia
Panagiotis Papadakis,university,University of Barcelona
David Pickup,university,Leiden University
Xianfang Sun,university,Maastricht University
Paul L. Rosin,university,University of Amsterdam
Ralph R. Martin,university,Polytechnic University of Catalonia
Z. Cheng,university,University of Marburg
Zhouhui Lian,university,International University of Andalusia
Masaki Aono,university,Leiden University
Abdessamad Ben Hamza,company,The Adecco Group
Alexander M. Bronstein,company,General Electric
Michael M. Bronstein,university,International University of Andalusia
S. Bu,university,University of Santiago de Compostela
Umberto Castellani,company,Google
S. Cheng,university,Maastricht University
Valeria Garro,university,Maastricht University
Andrea Giachetti 0001,university,University of Amsterdam
Afzal Godil,company,Airbnb
J. Han,university,International University of Andalusia
Henry Johan,university,Polytechnic University of Catalonia
L. Lai,company,Nestle
Bo Li 0013,company,Google
C. Li,university,University of Granada
Haisheng Li,university,University of Amsterdam
Roee Litman,university,University of Santiago de Compostela
X. Liu,university,International University of Andalusia
Z. Liu,university,Leiden University
Yijuan Lu,university,University of Barcelona
Atsushi Tatsuma,university,Heidelberg University
J. Ye,university,University of Zaragoza
Mario A. Rojas,company,The Adecco Group
Federico Sukno,university,International University of Andalusia
John Waddington,university,University of Santiago de Compostela
Paul F. Whelan,university,University of Zaragoza
Michalis A. Savelonas,university,University of Marburg
Ioannis Pratikakis,university,University of Barcelona
Konstantinos Sfikas,company,Airbnb
Anas Al-Nuaimi,company,Accenture
Martin Piccolrovazzi,university,University of Santiago de Compostela
Suat Gedikli,company,Accenture
Eckehard G. Steinbach,university,University of Santiago de Compostela
Georg Schroth,university,Maastricht University
Antonios Danelakis,university,University of Amsterdam
Theoharis Theoharis,company,General Electric
Ioannis Pratikakis,company,The Adecco Group
Hanan ElNaghy,university,University of Marburg
Safwat Hamad,university,Maastricht University
Takahiko Furuya,company,Airbnb
Seiya Kurabe,university,University of Granada
Ryutarou Ohbuchi,company,Apple
Yue Gao,company,Accenture
Anan Liu,university,University of Zaragoza
Weizhi Nie,university,Polytechnic University of Catalonia
Yuting Su,company,Facebook
Qionghai Dai,company,Accenture
Fuhai Chen,company,Airbnb
Yingying Chen,company,The Adecco Group
Yanhua Cheng,university,Polytechnic University of Catalonia
Shuilong Dong,company,Apple
Xingyue Duan,company,Google
Jianlong Fu,university,University of Amsterdam
Zan Gao,university,University of Santiago de Compostela
Haiyun Guo,university,University of Amsterdam
Xin Guo,university,University of Marburg
Kaiqi Huang,company,Amazon
Rongrong Ji,university,International University of Andalusia
Yingfeng Jiang,university,Maastricht University
Haisheng Li,company,Accenture
Hanqing Lu,company,Amazon
Jianming Song,university,Heidelberg University
Jing Sun,company,Compass Group
Tieniu Tan,company,The Adecco Group
Jinqiao Wang,university,University of Santiago de Compostela
Huanpu Yin,university,Polytechnic University of Catalonia
Chaoli Zhang,company,Google
Guotai Zhang,university,Delft University of Technology
Yan Zhang,company,General Electric
Chaoyang Zhao,company,Boeing
Xin Zhao,company,Compass Group
Guibo Zhu,university,University of Santiago de Compostela
Roman Getto,university,Leiden University
Dieter W. Fellner,company,McKeson
Andrea Giachetti 0001,university,University of Munich
Francesco Farina,university,University of Granada
Francesco Fornasa,company,Amazon
Atsushi Tatsuma,university,Heidelberg University
Chika Sanada,university,University of Marburg
Masaki Aono,company,Nestle
Silvia Biasotti,university,University of Amsterdam
Andrea Cerri,company,Amazon
Sungbin Choi,university,Leiden University
Daniela Giorgi,company,The Adecco Group
Maria Antonietta Pascali,university,University of Munich
Giovanni Raccichini,university,Heidelberg University
Sara Colantonio,company,Boeing
Ovidio Salvetti,university,University of Amsterdam
Afzal Godil,company,McKeson
Helin Dutagaci,university,University of Munich
Benjamin Bustos,company,Boeing
S. Choi,company,McKeson
Suchuan Dong,university,University of Amsterdam
Takahiko Furuya,university,University of Marburg
H. Li,company,Accenture
Norman Link,company,Procter & Gamble
A. Moriyama,company,Airbnb
Rafael Meruane,company,Boeing
Ryutarou Ohbuchi,university,Leiden University
Dietrich Paulus,university,University of Santiago de Compostela
Tobias Schreck,company,General Electric
Viktor Seib,university,Polytechnic University of Catalonia
Ivan Sipiran,company,Apple
Huarui Yin,university,Polytechnic University of Catalonia
C. Zhang,university,University of Granada
Robert Gregor,university,University of Munich
Danny Bauer,university,Maastricht University
Ivan Sipiran,company,Procter & Gamble
Panagiotis Perakis,university,University of Munich
Tobias Schreck,university,International University of Andalusia
Odd Erik Gundersen,company,Amazon
Anestis Koutsoudis,company,The Adecco Group
George Ioannakis,university,Delft University of Technology
Ioannis Pratikakis,university,University of Amsterdam
Christos Chamzas,university,Maastricht University
Zhouhui Lian,company,Apple
J. Zhang,university,Maastricht University
S. Choi,university,University of Santiago de Compostela
Hanan ElNaghy,company,The Adecco Group
Jihad El-Sana,university,Leiden University
Takahiko Furuya,university,University of Marburg
Andrea Giachetti 0001,university,University of Barcelona
Riza Alp Güler,university,Heidelberg University
L. Lai,university,University of Munich
C. Li,university,University of Granada
H. Li,university,University of Munich
Frederico A. Limberger,university,Polytechnic University of Catalonia
Ralph R. Martin,company,Procter & Gamble
Rafael Umino Nakanishi,company,Procter & Gamble
Afonso Neto,university,University of Munich
Luis Gustavo Nonato,university,Maastricht University
Ryutarou Ohbuchi,company,Airbnb
Kirill Pevzner,university,Leiden University
David Pickup,company,Procter & Gamble
Paul L. Rosin,company,Accenture
Andrei Sharf,university,Maastricht University
L. Sun,company,Boeing
Xianfang Sun,university,University of Santiago de Compostela
Sibel Tari,company,McKeson
Gözde B. Ünal,university,University of Munich
Richard C. Wilson 0001,company,Accenture
Gregory P. Meyer,university,Polytechnic University of Catalonia
Minh N. Do,university,University of Granada
Pedro B. Pascoal,university,Leiden University
Alfredo Ferreira,university,University of Marburg
Pedro B. Pascoal,company,Nestle
Pedro F. Proença,university,Maastricht University
Filipe Gaspar,university,University of Santiago de Compostela
Miguel Sales Dias,company,Compass Group
Luís Filipe Teixeira,university,Polytechnic University of Catalonia
Alfredo Ferreira,company,General Electric
Viktor Seib,company,Boeing
Norman Link,university,University of Zaragoza
Dietrich Paulus,company,Procter & Gamble
Atsushi Tatsuma,company,Boeing
Masaki Aono,company,Procter & Gamble
David Pickup,company,General Electric
Xianfang Sun,company,Apple
Paul L. Rosin,university,Polytechnic University of Catalonia
Ralph R. Martin,university,International University of Andalusia
Zhi-Quan Cheng,university,University of Amsterdam
Sipin Nie,university,University of Granada
Longcun Jin,company,General Electric
Michalis A. Savelonas,university,Maastricht University
Ioannis Pratikakis,company,Apple
Konstantinos Sfikas,company,Accenture
Gil Shamai,university,Delft University of Technology
Michael Zibulevsky,university,University of Zaragoza
Ron Kimmel,company,Facebook
Ivan Sipiran,company,The Adecco Group
Benjamin Bustos,university,Heidelberg University
Tobias Schreck,university,Delft University of Technology
Alexander M. Bronstein,company,Facebook
S. Choi,university,Heidelberg University
L. Lai,company,Nestle
H. Li,university,Maastricht University
Roee Litman,company,Procter & Gamble
L. Sun,company,Nestle
Naoufel Werghi,company,Compass Group
Claudio Tortorici,university,University of Granada
Stefano Berretti,university,University of Santiago de Compostela
Alberto Del Bimbo,company,The Adecco Group
Zahraa Yasseen,university,International University of Andalusia
Anne Verroust-Blondet,company,Nestle
Ahmad H. Nasri,university,International University of Andalusia
Bo Li 0013,university,International University of Andalusia
Yijuan Lu,university,Maastricht University
Fuqing Duan,university,Delft University of Technology
Shuilong Dong,university,University of Granada
Yachun Fan,company,McKeson
Lu Qian,company,General Electric
Hamid Laga,company,Amazon
Haisheng Li,university,Delft University of Technology
Yuxiang Li,university,University of Santiago de Compostela
Peng Liu,company,Google
Maks Ovsjanikov,company,Google
Hedi Tabia,university,University of Munich
Yuxiang Ye,university,University of Zaragoza
Huanpu Yin,company,Nestle
Ziyu Xue,company,The Adecco Group
Ulrich Bauer,company,Boeing
Barbara Di Fabio,university,Heidelberg University
Claudia Landi,company,Amazon
Silvia Biasotti,university,Maastricht University
Bianca Falcidieno,company,The Adecco Group
Daniela Giorgi,university,Delft University of Technology
Michela Spagnuolo,university,Maastricht University
Luca Cosmo,university,University of Granada
Emanuele Rodolà,university,University of Granada
Michael M. Bronstein,company,Accenture
Andrea Torsello,university,University of Santiago de Compostela
Daniel Cremers,university,University of Munich
Yusuf Sahillioglu,company,Compass Group
Cong Feng,company,Compass Group
Andrei C. Jalba,company,Accenture
Alexandru C. Telea,university,International University of Andalusia
Francisco Fernandes,company,General Electric
Alfredo Ferreira,company,Procter & Gamble
Patrizio Frosini,company,The Adecco Group
Yue Gao,university,Maastricht University
Weizhi Nie,company,Compass Group
Anan Liu,company,Boeing
Yuting Su,company,Airbnb
Qionghai Dai,university,University of Barcelona
Le An,university,Delft University of Technology
Fuhai Chen,company,Apple
Liujuan Cao,university,Maastricht University
Shuilong Dong,company,Accenture
Yu De,university,University of Santiago de Compostela
Zan Gao,company,Procter & Gamble
Jiayun Hao,company,Nestle
Rongrong Ji,university,Delft University of Technology
Haisheng Li,company,Procter & Gamble
Mingxia Liu,university,University of Marburg
Lili Pan,university,University of Barcelona
Yu Qiu,university,Maastricht University
Liwei Wei,company,Amazon
Zhao Wang,company,Google
Hongjiang Wei,company,Nestle
Yuyao Zhang,company,Accenture
Jun Zhang 0018,company,General Electric
Yan Zhang 0002,company,Amazon
Yali Zheng,university,University of Zaragoza
Andrea Giachetti 0001,company,Apple
Fabio Marco Caputo,university,Maastricht University
Alessandro Carcangiu,university,University of Barcelona
Riccardo Scateni,company,Boeing
Lucio Davide Spano,university,Heidelberg University
Andrea Giachetti 0001,company,Apple
Francesco Fornasa,company,General Electric
Federico Parezzan,company,Nestle
Alessandro Saletti,university,International University of Andalusia
Leonardo Zambaldo,university,University of Zaragoza
Luisa Zanini,university,University of Zaragoza
Felix Achilles,company,Compass Group
Alexandru Eugen Ichim,university,University of Munich
Federico Tombari,company,McKeson
Nassir Navab,university,University of Barcelona
Santiago Velasco-Forero,university,University of Marburg
Zorah Lähner,university,Delft University of Technology
Emanuele Rodolà,university,University of Barcelona
Michael M. Bronstein,university,Leiden University
Daniel Cremers,company,Amazon
Oliver Burghard,university,University of Zaragoza
Luca Cosmo,university,Maastricht University
Alexander Dieckmann,company,Boeing
Reinhard Klein,company,The Adecco Group
Yusuf Sahillioglu,company,Nestle
Pedro B. Pascoal,company,Boeing
Pedro F. Proença,university,Heidelberg University
Filipe Gaspar,company,Procter & Gamble
Miguel Sales Dias,company,The Adecco Group
Alfredo Ferreira,university,University of Amsterdam
Atsushi Tatsuma,company,Nestle
Masaki Aono,company,The Adecco Group
K. Berker Logoglu,university,Delft University of Technology
Sinan Kalkan,company,Google
Alptekin Temizel,company,Facebook
Bo Li 0013,company,Nestle
Henry Johan,company,McKeson
Yijuan Lu,university,University of Zaragoza
Viktor Seib,university,Leiden University
Norman Link,university,University of Amsterdam
Dietrich Paulus,university,Maastricht University
Ioannis Pratikakis,company,Boeing
Michalis A. Savelonas,company,Google
Fotis Arnaoutoglou,company,General Electric
George Ioannakis,university,University of Munich
Anestis Koutsoudis,university,Maastricht University
Theoharis Theoharis,university,Delft University of Technology
Minh-Triet Tran,company,Google
Vinh-Tiep Nguyen,company,Boeing
Viet-Khoi Pham,university,University of Santiago de Compostela
Hai-Dang Nguyen,company,Boeing
Hoang-An Le,university,University of Santiago de Compostela
Ba-Huu Tran,university,University of Santiago de Compostela
Huu-Quan To,company,Accenture
Minh-Bao Truong,company,Airbnb
Thuyen V. Phan,company,Amazon
Minh-Duc Nguyen,university,International University of Andalusia
Thanh-An Than,company,Facebook
Khoi-Nguyen C. Mac,company,Boeing
Minh N. Do,university,University of Barcelona
Anh Duc Duong,university,University of Munich
Takahiko Furuya,company,Airbnb
Ryutarou Ohbuchi,company,Airbnb
Masaki Aono,university,Delft University of Technology
Shoki Tashiro,company,Compass Group
David Pickup,company,Boeing
Xianfang Sun,university,University of Amsterdam
Paul L. Rosin,company,The Adecco Group
Ralph R. Martin,university,University of Barcelona
Manolis Savva,company,The Adecco Group
Fisher Yu,company,Facebook
Hao Su,university,University of Marburg
Masaki Aono,company,Nestle
Baoquan Chen,company,Boeing
Daniel Cohen-Or,university,Maastricht University
Weihong Deng,company,Airbnb
Hang Su,company,McKeson
Song Bai,university,University of Munich
Xiang Bai,university,University of Munich
Noa Fish,university,University of Munich
Jiajie Han,company,Boeing
Evangelos Kalogerakis,company,Apple
Erik G. Learned-Miller,company,Procter & Gamble
Yangyan Li,company,Procter & Gamble
Minghui Liao,university,University of Zaragoza
Subhransu Maji,company,Accenture
Atsushi Tatsuma,company,Nestle
Yida Wang,company,General Electric
Nanhai Zhang,company,McKeson
Zhichao Zhou,university,Maastricht University
Flora Ponjou Tasse,company,Nestle
Jirí Kosinka,university,University of Barcelona
Neil A. Dodgson,company,McKeson
Silvia Biasotti,company,Procter & Gamble
E. Moscoso Thompson,company,Amazon
Masaki Aono,university,University of Zaragoza
A. Ben Hamza,company,Accenture
Benjamin Bustos,company,Nestle
Shuilong Dong,company,Boeing
B. Du,company,Accenture
Amin Fehri,company,The Adecco Group
Haisheng Li,company,Procter & Gamble
Frederico A. Limberger,university,Maastricht University
Majid Masoumi,university,Maastricht University
M. Rezaei,company,Amazon
Ivan Sipiran,university,University of Amsterdam
L. Sun,company,Amazon
Atsushi Tatsuma,company,Apple
Santiago Velasco-Forero,university,University of Zaragoza
Richard C. Wilson 0001,company,Accenture
Y. Wu,company,McKeson
J. Zhang,company,McKeson
T. Zhao,university,University of Santiago de Compostela
Francesco Fornasa,company,Apple
Andrea Giachetti 0001,company,Amazon
Alexandre Boulch,company,Apple
Bertrand Le Saux,university,Heidelberg University
Nicolas Audebert,company,Nestle
Daniela Craciun,company,Accenture
Guillaume Levieux,company,Nestle
Matthieu Montes,university,Polytechnic University of Catalonia
Sylvain Haas,company,Amazon
Atilla Baskurt,university,University of Santiago de Compostela
Florent Dupont,company,Compass Group
Florence Denis,company,Apple
Binh-Son Hua,company,McKeson
Quang-Trung Truong,company,McKeson
Minh-Khoi Tran,company,General Electric
Quang-Hieu Pham,company,Boeing
Asako Kanezaki,company,Airbnb
Tang Lee,company,Compass Group
HungYueh Chiang,university,Delft University of Technology
Winston Hsu,university,University of Amsterdam
Bo Li 0013,university,University of Zaragoza
Yijuan Lu,company,Facebook
Henry Johan,company,Airbnb
Shoki Tashiro,company,Boeing
Masaki Aono,university,University of Amsterdam
Minh-Triet Tran,university,University of Munich
Viet-Khoi Pham,university,Delft University of Technology
Hai-Dang Nguyen,university,University of Munich
Vinh-Tiep Nguyen,company,Boeing
Quang-Thang Tran,company,General Electric
Thuyen V. Phan,university,University of Zaragoza
Bao Truong,company,Nestle
Minh N. Do,university,University of Barcelona
Anh Duc Duong,university,University of Santiago de Compostela
Lap-Fai Yu,company,Compass Group
Duc Thanh Nguyen,university,University of Granada
Sai-Kit Yeung,university,University of Zaragoza
Vincent Léon,company,Google
Vincent Itier,company,Boeing
Nicolas Bonneel,university,University of Munich
Guillaume Lavoué,university,University of Santiago de Compostela
Jean-Philippe Vandeborre,university,Polytechnic University of Catalonia
Frederico A. Limberger,company,Procter & Gamble
Richard C. Wilson 0001,company,Amazon
Masaki Aono,company,Facebook
Nicolas Audebert,university,University of Barcelona
Alexandre Boulch,company,Apple
Benjamín Bustos,company,Apple
Andrea Giachetti 0001,university,University of Barcelona
Afzal Godil,university,University of Zaragoza
Bertrand Le Saux,university,Delft University of Technology
Bo Li 0013,company,Apple
Yijuan Lu,company,The Adecco Group
Hai-Dang Nguyen,company,Procter & Gamble
V.-T. Nguyen,company,Airbnb
Viet-Khoi Pham,company,Airbnb
Ivan Sipiran,university,Delft University of Technology
Atsushi Tatsuma,university,University of Barcelona
Minh-Triet Tran,university,International University of Andalusia
Santiago Velasco-Forero,company,McKeson
Juncheng Liu,university,Leiden University
Zhouhui Lian,company,Boeing
Jianguo Xiao,university,International University of Andalusia
Carlos M. Mateo,university,Heidelberg University
Pablo Gil,company,Facebook
Fernando Torres Medina,company,Google
Hatem A. Rashwan,company,McKeson
Sylvie Chambon,company,Procter & Gamble
Géraldine Morin,company,McKeson
Pierre Gurdjos,company,The Adecco Group
Vincent Charvillat,company,Compass Group
Emanuele Rodolà,university,University of Amsterdam
Luca Cosmo,university,Polytechnic University of Catalonia
Or Litany,university,Polytechnic University of Catalonia
Michael M. Bronstein,company,Amazon
Alexander M. Bronstein,university,University of Amsterdam
Nicolas Audebert,university,Polytechnic University of Catalonia
A. Ben Hamza,university,University of Marburg
Alexandre Boulch,university,International University of Andalusia
Umberto Castellani,company,The Adecco Group
Minh N. Do,university,University of Amsterdam
Duc Anh Duong,university,Delft University of Technology
Takahiko Furuya,university,Polytechnic University of Catalonia
Andrea Gasparetto,company,Accenture
Y. Hong,company,Procter & Gamble
J. Kim,university,Polytechnic University of Catalonia
Bertrand Le Saux,university,Leiden University
Roee Litman,university,International University of Andalusia
Majid Masoumi,company,Airbnb
Giorgia Minello,company,Nestle
Hai-Dang Nguyen,company,Compass Group
V.-T. Nguyen,university,Delft University of Technology
Ryutarou Ohbuchi,university,University of Granada
Viet-Khoi Pham,university,University of Granada
Thuyen V. Phan,university,Leiden University
M. Rezaei,company,Boeing
Andrea Torsello,university,University of Santiago de Compostela
Minh-Triet Tran,company,McKeson
Q. T. Tran,company,Nestle
Bao Truong,university,Polytechnic University of Catalonia
L. Wan,university,University of Munich
Changqing Zou,company,Facebook
Manolis Savva,university,Leiden University
Fisher Yu,university,University of Marburg
Hao Su,company,Google
Asako Kanezaki,university,Leiden University
Takahiko Furuya,university,University of Munich
Ryutarou Ohbuchi,university,University of Amsterdam
Zhichao Zhou,university,University of Amsterdam
Rui Yu,university,University of Munich
Song Bai,company,The Adecco Group
Xiang Bai,company,Boeing
Masaki Aono,company,Amazon
Atsushi Tatsuma,university,Leiden University
Spyridon Thermos,university,Delft University of Technology
Apostolos Axenopoulos,university,University of Munich
Georgios Th. Papadopoulos,university,University of Munich
Petros Daras,company,McKeson
Xiao Deng,university,International University of Andalusia
Zhouhui Lian,university,Leiden University
Bo Li 0013,company,Accenture
Henry Johan,university,University of Munich
Yijuan Lu,university,Maastricht University
Sanjeev Mk,company,Nestle
Rodrigo Schulz,company,Facebook
Pablo Guerrero,company,General Electric
Benjamin Bustos,company,Compass Group
Konstantinos Sfikas,university,Delft University of Technology
Theoharis Theoharis,university,University of Santiago de Compostela
Ioannis Pratikakis,university,Leiden University
Quentin De Smedt,university,University of Santiago de Compostela
Hazem Wannous,university,University of Granada
Jean-Philippe Vandeborre,company,Compass Group
Joris Guerry,company,Compass Group
Bertrand Le Saux,university,Leiden University
David Filliat,company,Apple
Na Song,company,Facebook
Daniela Craciun,company,General Electric
Charles Christoffer,company,Boeing
Xusi Han,company,Facebook
Daisuke Kihara,university,University of Munich
Guillaume Levieux,company,Accenture
Matthieu Montes,company,General Electric
Hong Qin,company,Accenture
Pranjal Sahu,university,University of Zaragoza
Genki Terashi,university,University of Marburg
Haiguang Liu,university,Heidelberg University
Xueqing Zhao,company,The Adecco Group
Robert Gregor,university,Heidelberg University
Pavlos Mavridis,university,Delft University of Technology
Tobias Schreck,university,University of Granada
Shuaifeng Zhi,company,Compass Group
Yongxiang Liu,university,Polytechnic University of Catalonia
Xiang Li,company,Amazon
Yulan Guo,university,University of Marburg
Hameed Abdul-Rashid,company,McKeson
Juefei Yuan,company,Amazon
Bo Li,company,McKeson
Yijuan Lu,university,International University of Andalusia
Song Bai,company,Procter & Gamble
Xiang Bai,university,University of Amsterdam
Ngoc-Minh Bui,company,Facebook
Minh N. Do,university,University of Zaragoza
Trong-Le Do,company,Amazon
Anh Duc Duong,university,Heidelberg University
Xinwei He,company,Google
Tu-Khiem Le,university,University of Munich
Wenhui Li,company,Facebook
Anan Liu,company,Apple
Xiaolong Liu,company,Airbnb
Khac-Tuan Nguyen,university,University of Granada
Vinh-Tiep Nguyen,company,Airbnb
Weizhi Nie,company,The Adecco Group
Van-Tu Ninh,company,Compass Group
Yuting Su,university,Leiden University
Vinh Ton-That,university,Leiden University
Minh-Triet Tran,company,Google
Shu Xiang,university,Delft University of Technology
Heyu Zhou,university,International University of Andalusia
Yang Zhou,company,Procter & Gamble
Zhichao Zhou,company,Airbnb
Florian Beguet,university,University of Zaragoza
Jean-Luc Mari,company,Nestle
Thierry Cresson,company,Boeing
Matthieu Schmittbuhl,university,University of Amsterdam
Jacques A. de Guise,company,General Electric
Silvia Biasotti,company,Nestle
E. Moscoso Thompson,university,University of Munich
Loïc Barthe,company,Amazon
Stefano Berretti,university,University of Zaragoza
Andrea Giachetti 0001,university,University of Zaragoza
T. Lejemble,company,Nestle
Nicolas Mellado,company,Apple
Konstantinos Moustakas,company,Boeing
Iason Manolas,company,Procter & Gamble
Dimitrios Dimou,university,University of Munich
Claudio Tortorici,university,Delft University of Technology
Santiago Velasco-Forero,university,Leiden University
Naoufel Werghi,university,University of Granada
Martina Polig,university,Leiden University
Giusi Sorrentino,company,The Adecco Group
Sorin Hermon,university,Leiden University
Silvia Biasotti,university,University of Barcelona
Elia Moscoso Thompson,company,McKeson
Michela Spagnuolo,university,Maastricht University
Bart Iver van Blokland,university,University of Zaragoza
Theoharis Theoharis,university,University of Zaragoza
Florent Langenfeld,company,Google
Apostolos Axenopoulos,company,Procter & Gamble
Anargyros Chatzitofis,university,University of Granada
Daniela Craciun,company,McKeson
Petros Daras,company,Airbnb
Bowen Du,university,Maastricht University
Andrea Giachetti 0001,company,Google
Yu-Kun Lai,company,General Electric
Haisheng Li,university,University of Marburg
Yingbin Li,university,University of Barcelona
Majid Masoumi,university,University of Marburg
Yuxu Peng,company,Compass Group
Paul L. Rosin,company,Amazon
Jeremy Sirugue,university,University of Barcelona
Li Sun 0004,university,University of Marburg
Spyridon Thermos,university,University of Barcelona
Matthew Toews,university,Polytechnic University of Catalonia
Yang Wei,company,McKeson
Yujuan Wu,university,University of Zaragoza
Yujia Zhai,company,McKeson
Tianyu Zhao,university,University of Amsterdam
Yanping Zheng,university,Maastricht University
Matthieu Montes,company,Airbnb
Lorenzo Luciano,company,Airbnb
Abdessamad Ben Hamza,university,Heidelberg University
Abderrahim Mesbah,university,University of Santiago de Compostela
Aissam Berrahou,university,Leiden University
Hicham Hammouchi,company,Nestle
Hassan Berbia,company,McKeson
Hassan Qjidaa,company,Nestle
Mohamed Daoudi,company,Accenture
Pietro Pala,university,University of Marburg
Lorenzo Seidenari,company,Apple
Stefano Berretti,university,Polytechnic University of Catalonia
Alberto Del Bimbo,university,University of Amsterdam
Quang-Hieu Pham,university,University of Munich
Minh-Khoi Tran,company,Procter & Gamble
Wenhui Li,company,Amazon
Shu Xiang,company,Accenture
Heyu Zhou,university,University of Granada
Weizhi Nie,university,Maastricht University
Anan Liu,company,Compass Group
Yuting Su,company,Boeing
Minh-Triet Tran,company,Boeing
Ngoc-Minh Bui,university,University of Granada
Trong-Le Do,university,Maastricht University
Tu V. Ninh,company,Compass Group
Tu-Khiem Le,university,Leiden University
Anh-Vu Dao,university,Polytechnic University of Catalonia
Vinh-Tiep Nguyen,company,General Electric
Minh N. Do,company,Apple
Anh Duc Duong,company,Compass Group
Binh-Son Hua,university,University of Munich
Lap-Fai Yu,university,University of Santiago de Compostela
Duc Thanh Nguyen,university,University of Munich
Sai-Kit Yeung,company,Apple
Ivan Sipiran,university,University of Zaragoza
Elia Moscoso Thompson,university,University of Granada
Silvia Biasotti,company,Facebook
E. Moscoso Thompson,company,Boeing
Claudio Tortorici,company,Procter & Gamble
Naoufel Werghi,company,Facebook
Stefano Berretti,company,McKeson
Santiago Velasco-Forero,company,The Adecco Group
Silvia Biasotti,university,University of Barcelona
Claudio Tortorici,university,International University of Andalusia
Naoufel Werghi,university,University of Granada
Stefano Berretti,company,McKeson
Juefei Yuan,university,International University of Andalusia
Bo Li,company,Facebook
Yijuan Lu,company,The Adecco Group
Song Bai,company,Apple
Xiang Bai,company,Nestle
Ngoc-Minh Bui,company,Facebook
Minh N. Do,company,Boeing
Trong-Le Do,university,Delft University of Technology
Anh Duc Duong,company,Amazon
Xinwei He,university,Delft University of Technology
Tu-Khiem Le,university,University of Zaragoza
Wenhui Li,company,Google
Anan Liu,company,Facebook
Xiaolong Liu,company,Procter & Gamble
Khac-Tuan Nguyen,university,University of Barcelona
Vinh-Tiep Nguyen,university,University of Granada
Weizhi Nie,company,McKeson
Van-Tu Ninh,company,McKeson
Yuting Su,university,University of Munich
Vinh Ton-That,company,Compass Group
Minh-Triet Tran,university,International University of Andalusia
Shu Xiang,university,University of Granada
Heyu Zhou,company,Compass Group
Yang Zhou,company,Facebook
Zhichao Zhou,company,Accenture
Arnaud Bletterer,university,University of Barcelona
Frédéric Payan,company,Boeing
Marc Antonini,university,University of Santiago de Compostela
Anis Meftah,university,University of Granada
Gulsum Nurdan Can,university,International University of Andalusia
Helin Dutagaci,university,University of Zaragoza
Santiago Cortes,university,University of Munich
Olli Suominen,company,Google
Atanas P. Gotchev,university,University of Granada
Ricardo R. Garcia,university,University of Barcelona
Avideh Zakhor,company,Airbnb
Thomas Hach,university,University of Amsterdam
Johannes Steurer,company,General Electric
Sascha Knob,university,Polytechnic University of Catalonia
Hiroshi Imai,company,Accenture
Masahiko Ohta,university,University of Marburg
Kazuhito Murata,university,University of Barcelona
Vincent Itier,university,University of Barcelona
Adrian G. Bors,university,University of Munich
William Puech,university,University of Zaragoza
Jean-Pierre Pedeboy,company,Airbnb
Young-Ju Jeong,university,International University of Andalusia
Yang-Ho Cho,university,University of Santiago de Compostela
Hyoseok Hwang,university,University of Zaragoza
Hyun Sung Chang,company,The Adecco Group
Dongkyung Nam,company,McKeson
C.-C. Jay Kuo,university,University of Granada
Fei Li 0005,university,University of Amsterdam
Yunfan Du,university,University of Marburg
Rujie Liu,company,Boeing
Marcin Malesa,company,The Adecco Group
Dariusz Naploszek,university,University of Barcelona
Krzysztof Kuczynski,university,University of Marburg
Pawel Skrzypczak,university,University of Zaragoza
Ji-Hun Mun,company,Nestle
Yo-Sung Ho,university,Maastricht University
Ivan Panchenko,company,Airbnb
Vladimir Paramonov,university,Heidelberg University
Victor Bucha,company,Procter & Gamble
Frédéric Payan,university,University of Marburg
Jean-Luc Peyrot,university,Heidelberg University
Marc Antonini,university,Heidelberg University
Maria Shcherban,university,University of Granada
Olli Suominen,university,University of Munich
Atanas P. Gotchev,university,Leiden University
Shuyang Sheng,company,Boeing
B. Keith Jenkins,company,Compass Group
Dong-Won Shin,company,McKeson
Yo-Sung Ho,university,International University of Andalusia
Robert Sitnik,company,Facebook
Eryk Bunsch,university,International University of Andalusia
Grzegorz Maczkowski,company,Google
Wojciech Zaluski,university,International University of Andalusia
Krzysztof Lech,university,Maastricht University
Jakub Michonski,company,Amazon
Jakub Krzeslowski,university,University of Granada
Piotr Forys,university,Heidelberg University
Alexey Supikov,company,Google
Maha El Choubassi,university,Maastricht University
Oscar Nestares,university,University of Santiago de Compostela
Hikari Takehara,company,Facebook
Yuta Nakashima,university,Leiden University
Tomokazu Sato,company,Amazon
Naokazu Yokoya,company,Apple
Qiaosong Wang,university,University of Amsterdam
Vignesh Jagadeesh,company,Amazon
Bryan Ressler,company,Nestle
Robinson Piramuthu,company,McKeson
Long Zheng 0003,company,McKeson
Xiaofei Liao,company,Apple
Hai Jin 0001,university,Delft University of Technology
Bingsheng He,university,University of Barcelona
Jingling Xue,university,University of Marburg
Haikun Liu,company,Google
Adrià Armejach,company,The Adecco Group
Helena Caminal,company,The Adecco Group
Juan M. Cebrian,company,Procter & Gamble
Rekai González-Alberquilla,company,Airbnb
Chris Adeniyi-Jones,university,Maastricht University
Mateo Valero,university,University of Barcelona
Marc Casas,university,University of Munich
Miquel Moretó,university,Delft University of Technology
Prithayan Barua,company,Procter & Gamble
Jun Shirako,company,Amazon
Vivek Sarkar,company,Apple
Maciej Besta,university,Maastricht University
Dimitri Stanojevic,company,Accenture
Tijana Zivic,company,Boeing
Jagpreet Singh,company,Facebook
Maurice Hoerold,company,The Adecco Group
Torsten Hoefler,university,University of Zaragoza
Younghyun Cho,company,Apple
Camilo A. Celis Guzman,university,University of Marburg
Bernhard Egger,company,General Electric
Younghyun Cho,company,Accenture
Florian Negele,university,University of Santiago de Compostela
Seohong Park,university,University of Santiago de Compostela
Bernhard Egger,university,Delft University of Technology
Thomas R. Gross,university,University of Munich
Jiho Choi,university,University of Santiago de Compostela
Thomas Shull,university,International University of Andalusia
Josep Torrellas,university,Leiden University
Bang Di,company,Google
Jianhua Sun,university,International University of Andalusia
Dong Li,university,Maastricht University
Hao Chen,company,General Electric
Zhe Quan,university,Heidelberg University
Wanling Gao,university,Heidelberg University
Jianfeng Zhan,university,International University of Andalusia
Lei Wang,company,Boeing
Chunjie Luo,university,Heidelberg University
Daoyi Zheng,company,McKeson
Fei Tang,university,University of Santiago de Compostela
Biwei Xie,company,Compass Group
Chen Zheng,university,Heidelberg University
Xu Wen,university,Maastricht University
Xiwen He,company,Procter & Gamble
Hainan Ye,company,Google
Rui Ren,company,Facebook
Wim Heirman,university,University of Munich
Kristof Du Bois,company,Google
Yves Vandriessche,company,Procter & Gamble
Stijn Eyerman,university,University of Granada
Ibrahim Hur,university,University of Barcelona
Jeongkyu Hong,company,General Electric
Hyeonggyu Kim,company,Compass Group
Soontae Kim,university,International University of Andalusia
Animesh Jain,company,The Adecco Group
Michael A. Laurenzano,company,Accenture
Gilles A. Pokam,university,University of Munich
Jason Mars,company,Apple
Lingjia Tang,university,Heidelberg University
Peng Jiang,company,Accenture
Linchuan Chen,university,Heidelberg University
Gagan Agrawal,university,Leiden University
Vladimir Kiriansky,university,University of Santiago de Compostela
Haoran Xu,university,University of Granada
Martin Rinard,university,University of Amsterdam
Saman P. Amarasinghe,university,University of Amsterdam
Michael LeBeane,university,University of Amsterdam
Khaled Hamidouche,university,University of Zaragoza
Brad Benton,university,University of Zaragoza
Mauricio Breternitz,university,University of Barcelona
Steven K. Reinhardt,company,McKeson
Lizy K. John,university,University of Zaragoza
Sukhan Lee,company,Accenture
Kiwon Lee,company,McKeson
Min Chul Sung,university,University of Munich
Mohammad Alian,company,The Adecco Group
Chankyung Kim,company,Airbnb
Wooyeong Cho,company,Procter & Gamble
Reum Oh,company,Nestle
Seongil O,company,McKeson
Jung Ho Ahn,university,Delft University of Technology
Nam Sung Kim,company,Facebook
Sanchit Misra,company,Nestle
Tony C. Pan,company,Boeing
Kanak Mahadik,company,Nestle
George Powley,university,Delft University of Technology
Priya N. Vaidya,university,University of Granada
Md. Vasimuddin,university,Delft University of Technology
Srinivas Aluru,company,Amazon
Tony Nowatzki,company,Facebook
Newsha Ardalani,company,Boeing
Karthikeyan Sankaralingam,university,University of Munich
Jian Weng,university,Delft University of Technology
Young H. Oh,company,Accenture
Quan Quan,university,University of Zaragoza
Daeyeon Kim,company,Boeing
Seonghak Kim,company,Amazon
Jun Heo,university,Leiden University
Sungjun Jung,company,Apple
Jaeyoung Jang,company,Google
Jae W. Lee,company,The Adecco Group
Biswabandan Panda,university,Heidelberg University
André Seznec,university,Leiden University
Sunjae Park,university,University of Zaragoza
Christopher J. Hughes,university,University of Amsterdam
Milos Prvulovic,university,University of Barcelona
Jinsu Park,university,Heidelberg University
Seongbeom Park,university,Delft University of Technology
Myeonggyun Han,university,University of Amsterdam
Jihoon Hyun,university,University of Amsterdam
Woongki Baek,university,Heidelberg University
Zhen Peng,company,Facebook
Alexander Powell,company,Airbnb
Bo Wu,company,Google
Tekin Bicer,university,University of Granada
Bin Ren,company,McKeson
Arthur Perais,university,Delft University of Technology
André Seznec,company,Procter & Gamble
Vasileios Porpodas,company,Compass Group
Rodrigo C. O. Rocha,university,University of Santiago de Compostela
Luís F. W. Góes,company,Compass Group
Prakash Prabhu,university,Leiden University
Stephen R. Beard,university,University of Marburg
Sotiris Apostolakis,university,University of Santiago de Compostela
Ayal Zaks,company,The Adecco Group
David I. August,university,Heidelberg University
Sooraj Puthoor,university,University of Santiago de Compostela
Mikko H. Lipasti,university,International University of Andalusia
Pedro Ramos,company,Google
Gleison Souza Diniz Mendonca,university,International University of Andalusia
Divino Soares,company,Accenture
Guido Araújo,university,Polytechnic University of Catalonia
Fernando Magno Quintão Pereira,company,The Adecco Group
Francisco Romero,company,Google
Christina Delimitrou,university,Heidelberg University
Franyell Silfa,university,University of Barcelona
Gem Dot,university,University of Barcelona
Altino M. Sampaio,company,The Adecco Group
Jorge G. Barbosa,university,University of Granada
Farhad Mehdipour,university,University of Santiago de Compostela
Hamid Noori,university,University of Munich
Bahman Javadi,university,Delft University of Technology
Zhenyu Zhou,university,International University of Andalusia
Mianxiong Dong,company,Amazon
Kaoru Ota,company,Compass Group
Zheng Chang,company,Apple
Alaa Taima Albu-Salih,company,Compass Group
Seyed-Amin Hosseini-Seno,university,Leiden University
Jung-Chieh Chen,university,Heidelberg University
Yu Gu 0003,company,Amazon
Fuji Ren,university,Polytechnic University of Catalonia
Manman Cui,university,Polytechnic University of Catalonia
Bin-Jie Hu,company,The Adecco Group
Jie Tang 0002,university,Delft University of Technology
Yide Wang,company,General Electric
Manman Cui,university,Leiden University
Bin-Jie Hu,university,Delft University of Technology
Xiaohuan Li,university,Leiden University
Hongbin Chen,university,University of Zaragoza
Shiwei Hu,company,Nestle
Yide Wang,company,Facebook
Hui Gao 0001,company,Boeing
Tiejun Lv,company,Procter & Gamble
Xin Su 0001,company,The Adecco Group
Hong Yang,company,Airbnb
John M. Cioffi,company,The Adecco Group
Long Dinh Nguyen,company,Google
Hoang Duong Tuan,company,Google
Trung Quang Duong,company,Facebook
Mahmuda Akter,company,Facebook
Md. Obaidur Rahman,university,Delft University of Technology
Md. Nazrul Islam,company,Airbnb
Mohammad Mehedi Hassan,company,Amazon
Ahmed Alsanad,company,Google
Arun Kumar Sangaiah,company,Amazon
Shiwen He,university,University of Munich
Chenhao Qi,university,University of Granada
Yongpeng Wu,company,McKeson
Yongming Huang,company,Google
Phuong Luong,company,Amazon
Tri Minh Nguyen,university,University of Marburg
Long Bao Le,company,Facebook
Ngoc-Dung Dào,company,Boeing
Ekram Hossain,company,Accenture
Zuoen Wang,university,University of Zaragoza
Jingxian Wu,university,Polytechnic University of Catalonia
Jing Yang 0002,company,Amazon
Hai Lin,company,Facebook
Yongli Feng,university,University of Munich
Qingxuan Jia,university,University of Amsterdam
Ming Chu,company,Compass Group
Wei Wei 0009,company,Procter & Gamble
Matteo Baldoni,university,Leiden University
Cristina Baroglio,university,Maastricht University
Elisa Marengo,university,Polytechnic University of Catalonia
Viviana Patti,company,The Adecco Group
Federico Capuzzimati,company,Boeing
Ahmed Kamil Hasan Al-Ali,company,Procter & Gamble
David Dean,university,University of Barcelona
Bouchra Senadji,university,Leiden University
Vinod Chandran,university,Delft University of Technology
Ganesh R. Naik,company,Compass Group
Mohannad Abuzneid,company,Google
Ausif Mahmood,company,Accenture
Jesus A. Carino,university,University of Amsterdam
Miguel Delgado Prieto,university,University of Granada
Daniel Zurita,university,Delft University of Technology
Marta Millán,university,University of Granada
Juan Antonio Ortega Redondo,company,Compass Group
René de Jesús Romero-Troncoso,company,Procter & Gamble
Hirley Alves,company,Procter & Gamble
Mauricio de Castro Tomé,university,International University of Andalusia
Pedro Henrique Juliano Nardelli,university,University of Barcelona
Carlos H. M. de Lima,university,International University of Andalusia
Matti Latva-aho,company,Facebook
Francesca Cuomo,company,Apple
Izhak Rubin,company,The Adecco Group
Andrea Baiocchi,company,The Adecco Group
Pierpaolo Salvo,university,Leiden University
Takuya Umedachi,university,University of Marburg
Shunya Horikiri,company,Nestle
Ryo Kobayashi,company,McKeson
Akio Ishiguro,company,Accenture
Virginia Nascimento,university,University of Santiago de Compostela
Maria João Viamonte,company,Apple
Alda Canito,company,The Adecco Group
Nuno Silva,university,University of Santiago de Compostela
Chen Hajaj,company,McKeson
Noam Hazon,university,Delft University of Technology
David Sarne,company,Compass Group
Elena del Val,company,Accenture
Miguel Rebollo,university,University of Munich
Vicente J. Botti,company,Amazon
Mehdi Bagheri,university,Delft University of Technology
Venera Nurmanova,university,University of Marburg
Oveis Abedinia,company,Amazon
